type,speaker,start,end,text,word,word_position,confidence,overlap_duration
segment,SPEAKER_01,0.43,5.03,"Yeah, I reckon the one player you didn't mention the West End with lost is kind of with this was the worst one",,,-0.5688779441109539,4.257
word,SPEAKER_01,0.43,0.95,"Yeah, I reckon the one player you didn't mention the West End with lost is kind of with this was the worst one","Yeah,",0,0.2797084152698517,4.257
word,SPEAKER_01,1.05,1.09,"Yeah, I reckon the one player you didn't mention the West End with lost is kind of with this was the worst one",I,1,0.3780750632286072,4.257
word,SPEAKER_01,1.09,1.17,"Yeah, I reckon the one player you didn't mention the West End with lost is kind of with this was the worst one",reckon,2,0.4583419859409332,4.257
word,SPEAKER_01,1.17,1.33,"Yeah, I reckon the one player you didn't mention the West End with lost is kind of with this was the worst one",the,3,0.9528666138648987,4.257
word,SPEAKER_01,1.33,1.41,"Yeah, I reckon the one player you didn't mention the West End with lost is kind of with this was the worst one",one,4,0.9728506207466125,4.257
word,SPEAKER_01,1.41,1.65,"Yeah, I reckon the one player you didn't mention the West End with lost is kind of with this was the worst one",player,5,0.6815674901008606,4.257
word,SPEAKER_01,1.65,1.81,"Yeah, I reckon the one player you didn't mention the West End with lost is kind of with this was the worst one",you,6,0.9328171014785767,4.257
word,SPEAKER_01,1.81,1.95,"Yeah, I reckon the one player you didn't mention the West End with lost is kind of with this was the worst one",didn't,7,0.9789654016494751,4.257
word,SPEAKER_01,1.95,2.23,"Yeah, I reckon the one player you didn't mention the West End with lost is kind of with this was the worst one",mention,8,0.6904231905937195,4.257
word,SPEAKER_01,2.23,2.47,"Yeah, I reckon the one player you didn't mention the West End with lost is kind of with this was the worst one",the,9,0.4580608606338501,4.257
word,SPEAKER_01,2.47,2.61,"Yeah, I reckon the one player you didn't mention the West End with lost is kind of with this was the worst one",West,10,0.2695816159248352,4.257
word,SPEAKER_01,2.61,2.77,"Yeah, I reckon the one player you didn't mention the West End with lost is kind of with this was the worst one",End,11,0.19153738021850586,4.257
word,SPEAKER_01,2.77,2.89,"Yeah, I reckon the one player you didn't mention the West End with lost is kind of with this was the worst one",with,12,0.46050000190734863,4.257
word,SPEAKER_01,2.89,3.05,"Yeah, I reckon the one player you didn't mention the West End with lost is kind of with this was the worst one",lost,13,0.4226856827735901,4.257
word,SPEAKER_01,3.05,3.25,"Yeah, I reckon the one player you didn't mention the West End with lost is kind of with this was the worst one",is,14,0.6408929824829102,4.257
word,SPEAKER_01,3.25,3.39,"Yeah, I reckon the one player you didn't mention the West End with lost is kind of with this was the worst one",kind,15,0.2607877552509308,4.257
word,SPEAKER_01,3.39,3.51,"Yeah, I reckon the one player you didn't mention the West End with lost is kind of with this was the worst one",of,16,0.9967527985572815,4.257
word,SPEAKER_01,3.51,4.19,"Yeah, I reckon the one player you didn't mention the West End with lost is kind of with this was the worst one",with,17,0.18543341755867004,4.257
word,SPEAKER_01,4.19,4.39,"Yeah, I reckon the one player you didn't mention the West End with lost is kind of with this was the worst one",this,18,0.3151703476905823,4.257
word,SPEAKER_01,4.39,4.59,"Yeah, I reckon the one player you didn't mention the West End with lost is kind of with this was the worst one",was,19,0.2570956349372864,4.257
word,SPEAKER_01,4.59,4.69,"Yeah, I reckon the one player you didn't mention the West End with lost is kind of with this was the worst one",the,20,0.9394791126251221,4.257
word,SPEAKER_01,4.69,4.89,"Yeah, I reckon the one player you didn't mention the West End with lost is kind of with this was the worst one",worst,21,0.926399827003479,4.257
word,SPEAKER_01,4.89,5.03,"Yeah, I reckon the one player you didn't mention the West End with lost is kind of with this was the worst one",one,22,0.19557003676891327,4.257
segment,SPEAKER_01,5.03,9.21,"Glen Johnson. Oh, yeah, it's going to be really good. It's going to be excellent",,,-0.5688779441109539,3.995
word,SPEAKER_01,5.03,5.25,"Glen Johnson. Oh, yeah, it's going to be really good. It's going to be excellent",Glen,0,0.043045032769441605,3.995
word,SPEAKER_01,5.25,5.63,"Glen Johnson. Oh, yeah, it's going to be really good. It's going to be excellent",Johnson.,1,0.9254012703895569,3.995
word,SPEAKER_01,6.09,6.15,"Glen Johnson. Oh, yeah, it's going to be really good. It's going to be excellent","Oh,",2,0.9640666246414185,3.995
word,SPEAKER_01,6.27,6.39,"Glen Johnson. Oh, yeah, it's going to be really good. It's going to be excellent","yeah,",3,0.954645574092865,3.995
word,SPEAKER_01,6.39,6.57,"Glen Johnson. Oh, yeah, it's going to be really good. It's going to be excellent",it's,4,0.6644789576530457,3.995
word,SPEAKER_01,6.57,6.57,"Glen Johnson. Oh, yeah, it's going to be really good. It's going to be excellent",going,5,0.28983545303344727,3.995
word,SPEAKER_01,6.57,6.67,"Glen Johnson. Oh, yeah, it's going to be really good. It's going to be excellent",to,6,0.9976692795753479,3.995
word,SPEAKER_01,6.67,6.81,"Glen Johnson. Oh, yeah, it's going to be really good. It's going to be excellent",be,7,0.9975727200508118,3.995
word,SPEAKER_01,6.81,7.07,"Glen Johnson. Oh, yeah, it's going to be really good. It's going to be excellent",really,8,0.9173144102096558,3.995
word,SPEAKER_01,7.07,7.75,"Glen Johnson. Oh, yeah, it's going to be really good. It's going to be excellent",good.,9,0.8128771185874939,3.995
word,SPEAKER_01,7.89,8.29,"Glen Johnson. Oh, yeah, it's going to be really good. It's going to be excellent",It's,10,0.7138371616601944,3.995
word,SPEAKER_01,8.29,8.35,"Glen Johnson. Oh, yeah, it's going to be really good. It's going to be excellent",going,11,0.8975028991699219,3.995
word,SPEAKER_01,8.35,8.41,"Glen Johnson. Oh, yeah, it's going to be really good. It's going to be excellent",to,12,0.9936973452568054,3.995
word,SPEAKER_01,8.41,8.57,"Glen Johnson. Oh, yeah, it's going to be really good. It's going to be excellent",be,13,0.9975791573524475,3.995
word,SPEAKER_01,8.57,9.21,"Glen Johnson. Oh, yeah, it's going to be really good. It's going to be excellent",excellent,14,0.9785528182983398,3.995
segment,SPEAKER_00,9.69,17.75,"So you've been to see Tottenham a couple of times. Yeah, I'm like, you sure it was cheap tickets",,,-0.5688779441109539,2.7
word,SPEAKER_00,9.69,10.09,"So you've been to see Tottenham a couple of times. Yeah, I'm like, you sure it was cheap tickets",So,0,0.43818557262420654,2.7
word,SPEAKER_00,10.09,10.27,"So you've been to see Tottenham a couple of times. Yeah, I'm like, you sure it was cheap tickets",you've,1,0.7527265548706055,2.7
word,SPEAKER_00,10.27,10.29,"So you've been to see Tottenham a couple of times. Yeah, I'm like, you sure it was cheap tickets",been,2,0.9679945707321167,2.7
word,SPEAKER_00,10.29,10.43,"So you've been to see Tottenham a couple of times. Yeah, I'm like, you sure it was cheap tickets",to,3,0.9265486001968384,2.7
word,SPEAKER_00,10.43,10.53,"So you've been to see Tottenham a couple of times. Yeah, I'm like, you sure it was cheap tickets",see,4,0.8900829553604126,2.7
word,SPEAKER_00,10.53,10.75,"So you've been to see Tottenham a couple of times. Yeah, I'm like, you sure it was cheap tickets",Tottenham,5,0.7508404155572256,2.7
word,SPEAKER_00,10.75,10.91,"So you've been to see Tottenham a couple of times. Yeah, I'm like, you sure it was cheap tickets",a,6,0.8875036239624023,2.7
word,SPEAKER_00,10.91,11.05,"So you've been to see Tottenham a couple of times. Yeah, I'm like, you sure it was cheap tickets",couple,7,0.9966251850128174,2.7
word,SPEAKER_00,11.05,11.21,"So you've been to see Tottenham a couple of times. Yeah, I'm like, you sure it was cheap tickets",of,8,0.7519786357879639,2.7
word,SPEAKER_00,11.21,11.33,"So you've been to see Tottenham a couple of times. Yeah, I'm like, you sure it was cheap tickets",times.,9,0.8871926665306091,2.7
word,SPEAKER_00,11.61,12.01,"So you've been to see Tottenham a couple of times. Yeah, I'm like, you sure it was cheap tickets","Yeah,",10,0.9742172956466675,2.7
word,SPEAKER_00,12.01,14.89,"So you've been to see Tottenham a couple of times. Yeah, I'm like, you sure it was cheap tickets",I'm,11,0.3173270560801029,2.7
word,SPEAKER_00,14.89,16.19,"So you've been to see Tottenham a couple of times. Yeah, I'm like, you sure it was cheap tickets","like,",12,0.6736067533493042,2.7
word,SPEAKER_00,16.21,16.43,"So you've been to see Tottenham a couple of times. Yeah, I'm like, you sure it was cheap tickets",you,13,0.4404856562614441,2.7
word,SPEAKER_00,16.43,16.57,"So you've been to see Tottenham a couple of times. Yeah, I'm like, you sure it was cheap tickets",sure,14,0.8437712788581848,2.7
word,SPEAKER_00,16.57,17.03,"So you've been to see Tottenham a couple of times. Yeah, I'm like, you sure it was cheap tickets",it,15,0.7548893094062805,2.7
word,SPEAKER_00,17.03,17.21,"So you've been to see Tottenham a couple of times. Yeah, I'm like, you sure it was cheap tickets",was,16,0.9940640330314636,2.7
word,SPEAKER_00,17.21,17.43,"So you've been to see Tottenham a couple of times. Yeah, I'm like, you sure it was cheap tickets",cheap,17,0.9363681077957153,2.7
word,SPEAKER_00,17.43,17.75,"So you've been to see Tottenham a couple of times. Yeah, I'm like, you sure it was cheap tickets",tickets,18,0.7248980402946472,2.7
segment,SPEAKER_00,17.75,19.13,So I'll just wait,,,-0.5688779441109539,1.164
word,SPEAKER_00,17.75,18.31,So I'll just wait,So,0,0.07417702674865723,1.164
word,SPEAKER_00,18.31,18.51,So I'll just wait,I'll,1,0.5088924318552017,1.164
word,SPEAKER_00,18.51,18.61,So I'll just wait,just,2,0.9888047575950623,1.164
word,SPEAKER_00,18.61,19.13,So I'll just wait,wait,3,0.40570366382598877,1.164
segment,SPEAKER_01,20.83,31.29,"I think it's going to school. Okay. Yeah, so you're 15 now coming up to 15. Yeah, so what is the exam this year? Next year. Next year. Right. What are you gonna do next year?",,,-0.5688779441109539,2.194
word,SPEAKER_01,20.83,21.41,"I think it's going to school. Okay. Yeah, so you're 15 now coming up to 15. Yeah, so what is the exam this year? Next year. Next year. Right. What are you gonna do next year?",I,0,0.2329985350370407,2.194
word,SPEAKER_01,21.41,21.57,"I think it's going to school. Okay. Yeah, so you're 15 now coming up to 15. Yeah, so what is the exam this year? Next year. Next year. Right. What are you gonna do next year?",think,1,0.811211884021759,2.194
word,SPEAKER_01,21.57,21.79,"I think it's going to school. Okay. Yeah, so you're 15 now coming up to 15. Yeah, so what is the exam this year? Next year. Next year. Right. What are you gonna do next year?",it's,2,0.8143413066864014,2.194
word,SPEAKER_01,21.79,21.79,"I think it's going to school. Okay. Yeah, so you're 15 now coming up to 15. Yeah, so what is the exam this year? Next year. Next year. Right. What are you gonna do next year?",going,3,0.49640294909477234,2.194
word,SPEAKER_01,21.79,21.93,"I think it's going to school. Okay. Yeah, so you're 15 now coming up to 15. Yeah, so what is the exam this year? Next year. Next year. Right. What are you gonna do next year?",to,4,0.9414144158363342,2.194
word,SPEAKER_01,21.93,22.25,"I think it's going to school. Okay. Yeah, so you're 15 now coming up to 15. Yeah, so what is the exam this year? Next year. Next year. Right. What are you gonna do next year?",school.,5,0.8494207262992859,2.194
word,SPEAKER_01,22.69,22.73,"I think it's going to school. Okay. Yeah, so you're 15 now coming up to 15. Yeah, so what is the exam this year? Next year. Next year. Right. What are you gonna do next year?",Okay.,6,0.826334536075592,2.194
word,SPEAKER_01,23.13,23.27,"I think it's going to school. Okay. Yeah, so you're 15 now coming up to 15. Yeah, so what is the exam this year? Next year. Next year. Right. What are you gonna do next year?","Yeah,",7,0.7930141091346741,2.194
word,SPEAKER_01,23.27,23.71,"I think it's going to school. Okay. Yeah, so you're 15 now coming up to 15. Yeah, so what is the exam this year? Next year. Next year. Right. What are you gonna do next year?",so,8,0.9705102443695068,2.194
word,SPEAKER_01,23.71,24.09,"I think it's going to school. Okay. Yeah, so you're 15 now coming up to 15. Yeah, so what is the exam this year? Next year. Next year. Right. What are you gonna do next year?",you're,9,0.8544810712337494,2.194
word,SPEAKER_01,24.09,24.49,"I think it's going to school. Okay. Yeah, so you're 15 now coming up to 15. Yeah, so what is the exam this year? Next year. Next year. Right. What are you gonna do next year?",15,10,0.9524369239807129,2.194
word,SPEAKER_01,24.49,24.87,"I think it's going to school. Okay. Yeah, so you're 15 now coming up to 15. Yeah, so what is the exam this year? Next year. Next year. Right. What are you gonna do next year?",now,11,0.970219075679779,2.194
word,SPEAKER_01,24.87,25.09,"I think it's going to school. Okay. Yeah, so you're 15 now coming up to 15. Yeah, so what is the exam this year? Next year. Next year. Right. What are you gonna do next year?",coming,12,0.619006335735321,2.194
word,SPEAKER_01,25.09,25.35,"I think it's going to school. Okay. Yeah, so you're 15 now coming up to 15. Yeah, so what is the exam this year? Next year. Next year. Right. What are you gonna do next year?",up,13,0.9888437986373901,2.194
word,SPEAKER_01,25.35,25.59,"I think it's going to school. Okay. Yeah, so you're 15 now coming up to 15. Yeah, so what is the exam this year? Next year. Next year. Right. What are you gonna do next year?",to,14,0.114834725856781,2.194
word,SPEAKER_01,25.59,25.59,"I think it's going to school. Okay. Yeah, so you're 15 now coming up to 15. Yeah, so what is the exam this year? Next year. Next year. Right. What are you gonna do next year?",15.,15,0.1902279555797577,2.194
word,SPEAKER_01,25.69,25.97,"I think it's going to school. Okay. Yeah, so you're 15 now coming up to 15. Yeah, so what is the exam this year? Next year. Next year. Right. What are you gonna do next year?","Yeah,",16,0.9717769622802734,2.194
word,SPEAKER_01,25.97,26.33,"I think it's going to school. Okay. Yeah, so you're 15 now coming up to 15. Yeah, so what is the exam this year? Next year. Next year. Right. What are you gonna do next year?",so,17,0.9834332466125488,2.194
word,SPEAKER_01,26.33,26.47,"I think it's going to school. Okay. Yeah, so you're 15 now coming up to 15. Yeah, so what is the exam this year? Next year. Next year. Right. What are you gonna do next year?",what,18,0.9608888030052185,2.194
word,SPEAKER_01,26.47,26.61,"I think it's going to school. Okay. Yeah, so you're 15 now coming up to 15. Yeah, so what is the exam this year? Next year. Next year. Right. What are you gonna do next year?",is,19,0.8328204154968262,2.194
word,SPEAKER_01,26.61,26.83,"I think it's going to school. Okay. Yeah, so you're 15 now coming up to 15. Yeah, so what is the exam this year? Next year. Next year. Right. What are you gonna do next year?",the,20,0.25915899872779846,2.194
word,SPEAKER_01,26.83,27.17,"I think it's going to school. Okay. Yeah, so you're 15 now coming up to 15. Yeah, so what is the exam this year? Next year. Next year. Right. What are you gonna do next year?",exam,21,0.8481394648551941,2.194
word,SPEAKER_01,27.17,27.47,"I think it's going to school. Okay. Yeah, so you're 15 now coming up to 15. Yeah, so what is the exam this year? Next year. Next year. Right. What are you gonna do next year?",this,22,0.629822313785553,2.194
word,SPEAKER_01,27.47,28.07,"I think it's going to school. Okay. Yeah, so you're 15 now coming up to 15. Yeah, so what is the exam this year? Next year. Next year. Right. What are you gonna do next year?",year?,23,0.9979830980300903,2.194
word,SPEAKER_01,28.29,28.43,"I think it's going to school. Okay. Yeah, so you're 15 now coming up to 15. Yeah, so what is the exam this year? Next year. Next year. Right. What are you gonna do next year?",Next,24,0.5296626687049866,2.194
word,SPEAKER_01,28.43,28.75,"I think it's going to school. Okay. Yeah, so you're 15 now coming up to 15. Yeah, so what is the exam this year? Next year. Next year. Right. What are you gonna do next year?",year.,25,0.9885479211807251,2.194
word,SPEAKER_01,28.99,29.03,"I think it's going to school. Okay. Yeah, so you're 15 now coming up to 15. Yeah, so what is the exam this year? Next year. Next year. Right. What are you gonna do next year?",Next,26,0.6791141629219055,2.194
word,SPEAKER_01,29.03,29.39,"I think it's going to school. Okay. Yeah, so you're 15 now coming up to 15. Yeah, so what is the exam this year? Next year. Next year. Right. What are you gonna do next year?",year.,27,0.9880093932151794,2.194
word,SPEAKER_01,29.39,29.69,"I think it's going to school. Okay. Yeah, so you're 15 now coming up to 15. Yeah, so what is the exam this year? Next year. Next year. Right. What are you gonna do next year?",Right.,28,0.6928603649139404,2.194
word,SPEAKER_01,29.87,30.03,"I think it's going to school. Okay. Yeah, so you're 15 now coming up to 15. Yeah, so what is the exam this year? Next year. Next year. Right. What are you gonna do next year?",What,29,0.8234119415283203,2.194
word,SPEAKER_01,30.03,30.03,"I think it's going to school. Okay. Yeah, so you're 15 now coming up to 15. Yeah, so what is the exam this year? Next year. Next year. Right. What are you gonna do next year?",are,30,0.3937692642211914,2.194
word,SPEAKER_01,30.03,30.03,"I think it's going to school. Okay. Yeah, so you're 15 now coming up to 15. Yeah, so what is the exam this year? Next year. Next year. Right. What are you gonna do next year?",you,31,0.9963829517364502,2.194
word,SPEAKER_01,30.03,30.17,"I think it's going to school. Okay. Yeah, so you're 15 now coming up to 15. Yeah, so what is the exam this year? Next year. Next year. Right. What are you gonna do next year?",gonna,32,0.2949351370334625,2.194
word,SPEAKER_01,30.17,30.37,"I think it's going to school. Okay. Yeah, so you're 15 now coming up to 15. Yeah, so what is the exam this year? Next year. Next year. Right. What are you gonna do next year?",do,33,0.9575968980789185,2.194
word,SPEAKER_01,30.37,30.57,"I think it's going to school. Okay. Yeah, so you're 15 now coming up to 15. Yeah, so what is the exam this year? Next year. Next year. Right. What are you gonna do next year?",next,34,0.9910838603973389,2.194
word,SPEAKER_01,30.57,31.29,"I think it's going to school. Okay. Yeah, so you're 15 now coming up to 15. Yeah, so what is the exam this year? Next year. Next year. Right. What are you gonna do next year?",year?,35,0.9878261685371399,2.194
segment,SPEAKER_00,31.29,38.93,"I've got to GCSEs next year as the options I picked double-science, food, energy",,,-0.5532449404398601,4.128
word,SPEAKER_00,31.29,32.13,"I've got to GCSEs next year as the options I picked double-science, food, energy",I've,0,0.6758750677108765,4.128
word,SPEAKER_00,32.13,32.25,"I've got to GCSEs next year as the options I picked double-science, food, energy",got,1,0.9342914819717407,4.128
word,SPEAKER_00,32.25,32.41,"I've got to GCSEs next year as the options I picked double-science, food, energy",to,2,0.22116835415363312,4.128
word,SPEAKER_00,32.41,33.11,"I've got to GCSEs next year as the options I picked double-science, food, energy",GCSEs,3,0.7064765493075053,4.128
word,SPEAKER_00,33.11,33.29,"I've got to GCSEs next year as the options I picked double-science, food, energy",next,4,0.8913416862487793,4.128
word,SPEAKER_00,33.29,33.97,"I've got to GCSEs next year as the options I picked double-science, food, energy",year,5,0.9958978295326233,4.128
word,SPEAKER_00,33.97,34.45,"I've got to GCSEs next year as the options I picked double-science, food, energy",as,6,0.39129480719566345,4.128
word,SPEAKER_00,34.45,34.61,"I've got to GCSEs next year as the options I picked double-science, food, energy",the,7,0.7235051989555359,4.128
word,SPEAKER_00,34.61,34.81,"I've got to GCSEs next year as the options I picked double-science, food, energy",options,8,0.972679853439331,4.128
word,SPEAKER_00,34.81,35.03,"I've got to GCSEs next year as the options I picked double-science, food, energy",I,9,0.48923349380493164,4.128
word,SPEAKER_00,35.03,35.97,"I've got to GCSEs next year as the options I picked double-science, food, energy",picked,10,0.9609648585319519,4.128
word,SPEAKER_00,35.97,37.45,"I've got to GCSEs next year as the options I picked double-science, food, energy",double,11,0.47100698947906494,4.128
word,SPEAKER_00,37.45,37.99,"I've got to GCSEs next year as the options I picked double-science, food, energy","-science,",12,0.6200083345174789,4.128
word,SPEAKER_00,38.25,38.47,"I've got to GCSEs next year as the options I picked double-science, food, energy","food,",13,0.710854709148407,4.128
word,SPEAKER_00,38.63,38.93,"I've got to GCSEs next year as the options I picked double-science, food, energy",energy,14,0.6281408071517944,4.128
segment,SPEAKER_00,41.81,43.45,Geography and GCSEP,,,-0.5532449404398601,1.64
word,SPEAKER_00,41.81,42.25,Geography and GCSEP,Geography,0,0.4966197507965262,1.64
word,SPEAKER_00,42.25,42.69,Geography and GCSEP,and,1,0.845270574092865,1.64
word,SPEAKER_00,42.69,43.45,Geography and GCSEP,GCSEP,2,0.6737604439258575,1.64
segment,SPEAKER_01,44.35,48.99,"All right, so you can do like physical education as well. Yeah, so what do you have to do for that?",,,-0.5532449404398601,4.388
word,SPEAKER_01,44.35,44.79,"All right, so you can do like physical education as well. Yeah, so what do you have to do for that?",All,0,0.20942573249340057,4.388
word,SPEAKER_01,44.79,44.97,"All right, so you can do like physical education as well. Yeah, so what do you have to do for that?","right,",1,0.9967465400695801,4.388
word,SPEAKER_01,45.01,45.15,"All right, so you can do like physical education as well. Yeah, so what do you have to do for that?",so,2,0.11958592385053635,4.388
word,SPEAKER_01,45.15,45.15,"All right, so you can do like physical education as well. Yeah, so what do you have to do for that?",you,3,0.5194743275642395,4.388
word,SPEAKER_01,45.15,45.19,"All right, so you can do like physical education as well. Yeah, so what do you have to do for that?",can,4,0.35658782720565796,4.388
word,SPEAKER_01,45.19,45.49,"All right, so you can do like physical education as well. Yeah, so what do you have to do for that?",do,5,0.9818202257156372,4.388
word,SPEAKER_01,45.49,45.61,"All right, so you can do like physical education as well. Yeah, so what do you have to do for that?",like,6,0.20602521300315857,4.388
word,SPEAKER_01,45.61,45.95,"All right, so you can do like physical education as well. Yeah, so what do you have to do for that?",physical,7,0.967975914478302,4.388
word,SPEAKER_01,45.95,46.89,"All right, so you can do like physical education as well. Yeah, so what do you have to do for that?",education,8,0.8826499581336975,4.388
word,SPEAKER_01,46.89,47.21,"All right, so you can do like physical education as well. Yeah, so what do you have to do for that?",as,9,0.2967909574508667,4.388
word,SPEAKER_01,47.21,47.39,"All right, so you can do like physical education as well. Yeah, so what do you have to do for that?",well.,10,0.8025535941123962,4.388
word,SPEAKER_01,47.65,47.65,"All right, so you can do like physical education as well. Yeah, so what do you have to do for that?","Yeah,",11,0.604632556438446,4.388
word,SPEAKER_01,47.65,48.13,"All right, so you can do like physical education as well. Yeah, so what do you have to do for that?",so,12,0.8793811202049255,4.388
word,SPEAKER_01,48.13,48.25,"All right, so you can do like physical education as well. Yeah, so what do you have to do for that?",what,13,0.9712543487548828,4.388
word,SPEAKER_01,48.25,48.29,"All right, so you can do like physical education as well. Yeah, so what do you have to do for that?",do,14,0.883211612701416,4.388
word,SPEAKER_01,48.29,48.29,"All right, so you can do like physical education as well. Yeah, so what do you have to do for that?",you,15,0.9686266183853149,4.388
word,SPEAKER_01,48.29,48.39,"All right, so you can do like physical education as well. Yeah, so what do you have to do for that?",have,16,0.9961024522781372,4.388
word,SPEAKER_01,48.39,48.51,"All right, so you can do like physical education as well. Yeah, so what do you have to do for that?",to,17,0.9983972907066345,4.388
word,SPEAKER_01,48.51,48.63,"All right, so you can do like physical education as well. Yeah, so what do you have to do for that?",do,18,0.998663067817688,4.388
word,SPEAKER_01,48.63,48.77,"All right, so you can do like physical education as well. Yeah, so what do you have to do for that?",for,19,0.9896742701530457,4.388
word,SPEAKER_01,48.77,48.99,"All right, so you can do like physical education as well. Yeah, so what do you have to do for that?",that?,20,0.9679659605026245,4.388
segment,SPEAKER_00,49.71,52.85,You have to do an exam and like assess other people in like them,,,-0.5532449404398601,3.14
word,SPEAKER_00,49.71,49.71,You have to do an exam and like assess other people in like them,You,0,0.7157691121101379,3.14
word,SPEAKER_00,49.71,49.95,You have to do an exam and like assess other people in like them,have,1,0.9865769147872925,3.14
word,SPEAKER_00,49.95,50.05,You have to do an exam and like assess other people in like them,to,2,0.9980167150497437,3.14
word,SPEAKER_00,50.05,50.21,You have to do an exam and like assess other people in like them,do,3,0.9807629585266113,3.14
word,SPEAKER_00,50.21,50.39,You have to do an exam and like assess other people in like them,an,4,0.9936224818229675,3.14
word,SPEAKER_00,50.39,50.61,You have to do an exam and like assess other people in like them,exam,5,0.9539781212806702,3.14
word,SPEAKER_00,50.61,50.83,You have to do an exam and like assess other people in like them,and,6,0.3982028365135193,3.14
word,SPEAKER_00,50.83,50.97,You have to do an exam and like assess other people in like them,like,7,0.8639054894447327,3.14
word,SPEAKER_00,50.97,51.21,You have to do an exam and like assess other people in like them,assess,8,0.8902252912521362,3.14
word,SPEAKER_00,51.21,51.47,You have to do an exam and like assess other people in like them,other,9,0.9284522533416748,3.14
word,SPEAKER_00,51.47,52.01,You have to do an exam and like assess other people in like them,people,10,0.9986248016357422,3.14
word,SPEAKER_00,52.01,52.35,You have to do an exam and like assess other people in like them,in,11,0.6747920513153076,3.14
word,SPEAKER_00,52.35,52.63,You have to do an exam and like assess other people in like them,like,12,0.9666024446487427,3.14
word,SPEAKER_00,52.63,52.85,You have to do an exam and like assess other people in like them,them,13,0.6555843353271484,3.14
segment,SPEAKER_00,54.79,60.57,"I'm not really 100% sure but like you have to assess other people in what they do. Yeah, they're Billy there",,,-0.5532449404398601,2.869
word,SPEAKER_00,54.79,55.23,"I'm not really 100% sure but like you have to assess other people in what they do. Yeah, they're Billy there",I'm,0,0.9204486906528473,2.869
word,SPEAKER_00,55.23,55.33,"I'm not really 100% sure but like you have to assess other people in what they do. Yeah, they're Billy there",not,1,0.9867777824401855,2.869
word,SPEAKER_00,55.33,55.43,"I'm not really 100% sure but like you have to assess other people in what they do. Yeah, they're Billy there",really,2,0.9890927076339722,2.869
word,SPEAKER_00,55.43,55.65,"I'm not really 100% sure but like you have to assess other people in what they do. Yeah, they're Billy there",100,3,0.7159002423286438,2.869
word,SPEAKER_00,55.65,55.85,"I'm not really 100% sure but like you have to assess other people in what they do. Yeah, they're Billy there",%,4,0.9719725251197815,2.869
word,SPEAKER_00,55.85,56.07,"I'm not really 100% sure but like you have to assess other people in what they do. Yeah, they're Billy there",sure,5,0.9954604506492615,2.869
word,SPEAKER_00,56.07,56.23,"I'm not really 100% sure but like you have to assess other people in what they do. Yeah, they're Billy there",but,6,0.7169728875160217,2.869
word,SPEAKER_00,56.23,56.43,"I'm not really 100% sure but like you have to assess other people in what they do. Yeah, they're Billy there",like,7,0.9730720520019531,2.869
word,SPEAKER_00,56.43,56.51,"I'm not really 100% sure but like you have to assess other people in what they do. Yeah, they're Billy there",you,8,0.36407479643821716,2.869
word,SPEAKER_00,56.51,56.63,"I'm not really 100% sure but like you have to assess other people in what they do. Yeah, they're Billy there",have,9,0.9804759621620178,2.869
word,SPEAKER_00,56.63,56.75,"I'm not really 100% sure but like you have to assess other people in what they do. Yeah, they're Billy there",to,10,0.971030592918396,2.869
word,SPEAKER_00,56.75,56.89,"I'm not really 100% sure but like you have to assess other people in what they do. Yeah, they're Billy there",assess,11,0.9986118078231812,2.869
word,SPEAKER_00,56.89,57.15,"I'm not really 100% sure but like you have to assess other people in what they do. Yeah, they're Billy there",other,12,0.6129361987113953,2.869
word,SPEAKER_00,57.15,57.63,"I'm not really 100% sure but like you have to assess other people in what they do. Yeah, they're Billy there",people,13,0.9983207583427429,2.869
word,SPEAKER_00,57.63,58.27,"I'm not really 100% sure but like you have to assess other people in what they do. Yeah, they're Billy there",in,14,0.3347599506378174,2.869
word,SPEAKER_00,58.27,58.53,"I'm not really 100% sure but like you have to assess other people in what they do. Yeah, they're Billy there",what,15,0.9800702929496765,2.869
word,SPEAKER_00,58.53,58.73,"I'm not really 100% sure but like you have to assess other people in what they do. Yeah, they're Billy there",they,16,0.9731753468513489,2.869
word,SPEAKER_00,58.73,59.01,"I'm not really 100% sure but like you have to assess other people in what they do. Yeah, they're Billy there",do.,17,0.9941526055335999,2.869
word,SPEAKER_00,59.41,59.45,"I'm not really 100% sure but like you have to assess other people in what they do. Yeah, they're Billy there","Yeah,",18,0.9636089205741882,2.869
word,SPEAKER_00,59.57,59.71,"I'm not really 100% sure but like you have to assess other people in what they do. Yeah, they're Billy there",they're,19,0.8564277291297913,2.869
word,SPEAKER_00,59.71,59.91,"I'm not really 100% sure but like you have to assess other people in what they do. Yeah, they're Billy there",Billy,20,0.05055929347872734,2.869
word,SPEAKER_00,59.91,60.57,"I'm not really 100% sure but like you have to assess other people in what they do. Yeah, they're Billy there",there,21,0.6852266192436218,2.869
segment,SPEAKER_00,60.57,68.39,"Do you play any school football? Yeah, what do you play for team? I'm just cool team but I'm gonna join in a team soon",,,-0.5393294515190544,2.327
word,SPEAKER_00,60.57,61.15,"Do you play any school football? Yeah, what do you play for team? I'm just cool team but I'm gonna join in a team soon",Do,0,0.22533079981803894,2.327
word,SPEAKER_00,61.15,61.27,"Do you play any school football? Yeah, what do you play for team? I'm just cool team but I'm gonna join in a team soon",you,1,0.928364634513855,2.327
word,SPEAKER_00,61.27,61.39,"Do you play any school football? Yeah, what do you play for team? I'm just cool team but I'm gonna join in a team soon",play,2,0.9526013135910034,2.327
word,SPEAKER_00,61.39,61.59,"Do you play any school football? Yeah, what do you play for team? I'm just cool team but I'm gonna join in a team soon",any,3,0.9469773769378662,2.327
word,SPEAKER_00,61.59,62.09,"Do you play any school football? Yeah, what do you play for team? I'm just cool team but I'm gonna join in a team soon",school,4,0.36683595180511475,2.327
word,SPEAKER_00,62.09,62.53,"Do you play any school football? Yeah, what do you play for team? I'm just cool team but I'm gonna join in a team soon",football?,5,0.8303022384643555,2.327
word,SPEAKER_00,63.31,63.31,"Do you play any school football? Yeah, what do you play for team? I'm just cool team but I'm gonna join in a team soon","Yeah,",6,0.7104275226593018,2.327
word,SPEAKER_00,63.31,64.33,"Do you play any school football? Yeah, what do you play for team? I'm just cool team but I'm gonna join in a team soon",what,7,0.5800276398658752,2.327
word,SPEAKER_00,64.33,64.67,"Do you play any school football? Yeah, what do you play for team? I'm just cool team but I'm gonna join in a team soon",do,8,0.5738680958747864,2.327
word,SPEAKER_00,64.67,64.73,"Do you play any school football? Yeah, what do you play for team? I'm just cool team but I'm gonna join in a team soon",you,9,0.9919137954711914,2.327
word,SPEAKER_00,64.73,64.87,"Do you play any school football? Yeah, what do you play for team? I'm just cool team but I'm gonna join in a team soon",play,10,0.9953327775001526,2.327
word,SPEAKER_00,64.87,65.03,"Do you play any school football? Yeah, what do you play for team? I'm just cool team but I'm gonna join in a team soon",for,11,0.9936742782592773,2.327
word,SPEAKER_00,65.03,65.77,"Do you play any school football? Yeah, what do you play for team? I'm just cool team but I'm gonna join in a team soon",team?,12,0.8265653848648071,2.327
word,SPEAKER_00,66.25,66.37,"Do you play any school football? Yeah, what do you play for team? I'm just cool team but I'm gonna join in a team soon",I'm,13,0.7438911199569702,2.327
word,SPEAKER_00,66.37,66.53,"Do you play any school football? Yeah, what do you play for team? I'm just cool team but I'm gonna join in a team soon",just,14,0.7995267510414124,2.327
word,SPEAKER_00,66.53,66.69,"Do you play any school football? Yeah, what do you play for team? I'm just cool team but I'm gonna join in a team soon",cool,15,0.20045964419841766,2.327
word,SPEAKER_00,66.69,66.89,"Do you play any school football? Yeah, what do you play for team? I'm just cool team but I'm gonna join in a team soon",team,16,0.9604464173316956,2.327
word,SPEAKER_00,66.89,67.03,"Do you play any school football? Yeah, what do you play for team? I'm just cool team but I'm gonna join in a team soon",but,17,0.3937515616416931,2.327
word,SPEAKER_00,67.03,67.13,"Do you play any school football? Yeah, what do you play for team? I'm just cool team but I'm gonna join in a team soon",I'm,18,0.89851975440979,2.327
word,SPEAKER_00,67.13,67.25,"Do you play any school football? Yeah, what do you play for team? I'm just cool team but I'm gonna join in a team soon",gonna,19,0.3546331226825714,2.327
word,SPEAKER_00,67.25,67.39,"Do you play any school football? Yeah, what do you play for team? I'm just cool team but I'm gonna join in a team soon",join,20,0.8698244690895081,2.327
word,SPEAKER_00,67.39,67.61,"Do you play any school football? Yeah, what do you play for team? I'm just cool team but I'm gonna join in a team soon",in,21,0.7631222605705261,2.327
word,SPEAKER_00,67.61,67.69,"Do you play any school football? Yeah, what do you play for team? I'm just cool team but I'm gonna join in a team soon",a,22,0.9400428533554077,2.327
word,SPEAKER_00,67.69,67.91,"Do you play any school football? Yeah, what do you play for team? I'm just cool team but I'm gonna join in a team soon",team,23,0.9836155772209167,2.327
word,SPEAKER_00,67.91,68.39,"Do you play any school football? Yeah, what do you play for team? I'm just cool team but I'm gonna join in a team soon",soon,24,0.9912034273147583,2.327
segment,SPEAKER_00,68.97,75.92,"So how often do you play for the school team each time there's a match here? Yeah, yeah, whenever there's a match",,,-0.5393294515190544,2.787
word,SPEAKER_00,68.97,69.41,"So how often do you play for the school team each time there's a match here? Yeah, yeah, whenever there's a match",So,0,0.5682146549224854,2.787
word,SPEAKER_00,69.41,69.81,"So how often do you play for the school team each time there's a match here? Yeah, yeah, whenever there's a match",how,1,0.8799412250518799,2.787
word,SPEAKER_00,69.81,69.95,"So how often do you play for the school team each time there's a match here? Yeah, yeah, whenever there's a match",often,2,0.9919955730438232,2.787
word,SPEAKER_00,69.95,70.11,"So how often do you play for the school team each time there's a match here? Yeah, yeah, whenever there's a match",do,3,0.9081467390060425,2.787
word,SPEAKER_00,70.11,70.21,"So how often do you play for the school team each time there's a match here? Yeah, yeah, whenever there's a match",you,4,0.9883918166160583,2.787
word,SPEAKER_00,70.21,70.23,"So how often do you play for the school team each time there's a match here? Yeah, yeah, whenever there's a match",play,5,0.9925509691238403,2.787
word,SPEAKER_00,70.23,70.41,"So how often do you play for the school team each time there's a match here? Yeah, yeah, whenever there's a match",for,6,0.9566051363945007,2.787
word,SPEAKER_00,70.41,70.49,"So how often do you play for the school team each time there's a match here? Yeah, yeah, whenever there's a match",the,7,0.5460414290428162,2.787
word,SPEAKER_00,70.49,70.65,"So how often do you play for the school team each time there's a match here? Yeah, yeah, whenever there's a match",school,8,0.9498533606529236,2.787
word,SPEAKER_00,70.65,71.67,"So how often do you play for the school team each time there's a match here? Yeah, yeah, whenever there's a match",team,9,0.975470781326294,2.787
word,SPEAKER_00,73.04,73.5,"So how often do you play for the school team each time there's a match here? Yeah, yeah, whenever there's a match",each,10,0.39924049377441406,2.787
word,SPEAKER_00,73.5,73.76,"So how often do you play for the school team each time there's a match here? Yeah, yeah, whenever there's a match",time,11,0.7562467455863953,2.787
word,SPEAKER_00,73.76,73.96,"So how often do you play for the school team each time there's a match here? Yeah, yeah, whenever there's a match",there's,12,0.896775096654892,2.787
word,SPEAKER_00,73.96,74.02,"So how often do you play for the school team each time there's a match here? Yeah, yeah, whenever there's a match",a,13,0.987788736820221,2.787
word,SPEAKER_00,74.02,74.24,"So how often do you play for the school team each time there's a match here? Yeah, yeah, whenever there's a match",match,14,0.9676584601402283,2.787
word,SPEAKER_00,74.24,74.5,"So how often do you play for the school team each time there's a match here? Yeah, yeah, whenever there's a match",here?,15,0.09528220444917679,2.787
word,SPEAKER_00,74.7,74.8,"So how often do you play for the school team each time there's a match here? Yeah, yeah, whenever there's a match","Yeah,",16,0.892883837223053,2.787
word,SPEAKER_00,74.8,75.14,"So how often do you play for the school team each time there's a match here? Yeah, yeah, whenever there's a match","yeah,",17,0.3189231753349304,2.787
word,SPEAKER_00,75.14,75.42,"So how often do you play for the school team each time there's a match here? Yeah, yeah, whenever there's a match",whenever,18,0.8590083122253418,2.787
word,SPEAKER_00,75.42,75.74,"So how often do you play for the school team each time there's a match here? Yeah, yeah, whenever there's a match",there's,19,0.9815652072429657,2.787
word,SPEAKER_00,75.74,75.92,"So how often do you play for the school team each time there's a match here? Yeah, yeah, whenever there's a match",a,20,0.5445685982704163,2.787
word,SPEAKER_00,75.92,75.92,"So how often do you play for the school team each time there's a match here? Yeah, yeah, whenever there's a match",match,21,0.9828694462776184,2.787
segment,SPEAKER_00,77.46,80.06,About twice a month maybe feet hands a month,,,-0.5393294515190544,2.117
word,SPEAKER_00,77.46,77.9,About twice a month maybe feet hands a month,About,0,0.0439126119017601,2.117
word,SPEAKER_00,77.9,78.34,About twice a month maybe feet hands a month,twice,1,0.7515120506286621,2.117
word,SPEAKER_00,78.34,78.5,About twice a month maybe feet hands a month,a,2,0.9906932711601257,2.117
word,SPEAKER_00,78.5,78.96,About twice a month maybe feet hands a month,month,3,0.9969679713249207,2.117
word,SPEAKER_00,78.96,79.3,About twice a month maybe feet hands a month,maybe,4,0.6811403632164001,2.117
word,SPEAKER_00,79.3,79.5,About twice a month maybe feet hands a month,feet,5,0.48631933331489563,2.117
word,SPEAKER_00,79.5,79.72,About twice a month maybe feet hands a month,hands,6,0.19559596478939056,2.117
word,SPEAKER_00,79.72,79.84,About twice a month maybe feet hands a month,a,7,0.9497557282447815,2.117
word,SPEAKER_00,79.84,80.06,About twice a month maybe feet hands a month,month,8,0.9975588321685791,2.117
segment,SPEAKER_01,80.9,84.12,"That was a good. Yeah, after school or something after school after school",,,-0.5393294515190544,2.161
word,SPEAKER_01,80.9,81.06,"That was a good. Yeah, after school or something after school after school",That,0,0.002158533316105604,2.161
word,SPEAKER_01,81.06,81.2,"That was a good. Yeah, after school or something after school after school",was,1,0.7125653624534607,2.161
word,SPEAKER_01,81.2,81.64,"That was a good. Yeah, after school or something after school after school",a,2,0.28769323229789734,2.161
word,SPEAKER_01,81.64,81.64,"That was a good. Yeah, after school or something after school after school",good.,3,0.4422115087509155,2.161
word,SPEAKER_01,81.72,82.16,"That was a good. Yeah, after school or something after school after school","Yeah,",4,0.6197707056999207,2.161
word,SPEAKER_01,82.16,82.44,"That was a good. Yeah, after school or something after school after school",after,5,0.32963886857032776,2.161
word,SPEAKER_01,82.44,82.7,"That was a good. Yeah, after school or something after school after school",school,6,0.984602689743042,2.161
word,SPEAKER_01,82.7,82.88,"That was a good. Yeah, after school or something after school after school",or,7,0.2685287594795227,2.161
word,SPEAKER_01,82.88,83.08,"That was a good. Yeah, after school or something after school after school",something,8,0.0978923812508583,2.161
word,SPEAKER_01,83.08,83.36,"That was a good. Yeah, after school or something after school after school",after,9,0.9079098701477051,2.161
word,SPEAKER_01,83.36,83.68,"That was a good. Yeah, after school or something after school after school",school,10,0.9904813170433044,2.161
word,SPEAKER_01,83.68,83.9,"That was a good. Yeah, after school or something after school after school",after,11,0.8475779891014099,2.161
word,SPEAKER_01,83.9,84.12,"That was a good. Yeah, after school or something after school after school",school,12,0.9962006211280823,2.161
segment,SPEAKER_01,84.12,88.42,"Yeah, yeah, so awesome. What position do you play? Keeper. Are you really?",,,-0.5764664500212866,0.911
word,SPEAKER_01,84.12,84.38,"Yeah, yeah, so awesome. What position do you play? Keeper. Are you really?","Yeah,",0,0.19118809700012207,0.911
word,SPEAKER_01,84.38,84.76,"Yeah, yeah, so awesome. What position do you play? Keeper. Are you really?","yeah,",1,0.3930782377719879,0.911
word,SPEAKER_01,84.76,84.98,"Yeah, yeah, so awesome. What position do you play? Keeper. Are you really?",so,2,0.32397782802581787,0.911
word,SPEAKER_01,84.98,85.5,"Yeah, yeah, so awesome. What position do you play? Keeper. Are you really?",awesome.,3,0.4755988121032715,0.911
word,SPEAKER_01,85.64,85.86,"Yeah, yeah, so awesome. What position do you play? Keeper. Are you really?",What,4,0.4856489896774292,0.911
word,SPEAKER_01,85.86,86.1,"Yeah, yeah, so awesome. What position do you play? Keeper. Are you really?",position,5,0.9845886826515198,0.911
word,SPEAKER_01,86.1,86.28,"Yeah, yeah, so awesome. What position do you play? Keeper. Are you really?",do,6,0.902377724647522,0.911
word,SPEAKER_01,86.28,86.34,"Yeah, yeah, so awesome. What position do you play? Keeper. Are you really?",you,7,0.9623416662216187,0.911
word,SPEAKER_01,86.34,86.52,"Yeah, yeah, so awesome. What position do you play? Keeper. Are you really?",play?,8,0.8604414463043213,0.911
word,SPEAKER_01,87.46,87.82,"Yeah, yeah, so awesome. What position do you play? Keeper. Are you really?",Keeper.,9,0.5265038758516312,0.911
word,SPEAKER_01,87.9,88.0,"Yeah, yeah, so awesome. What position do you play? Keeper. Are you really?",Are,10,0.6012647747993469,0.911
word,SPEAKER_01,88.0,88.0,"Yeah, yeah, so awesome. What position do you play? Keeper. Are you really?",you,11,0.997721254825592,0.911
word,SPEAKER_01,88.0,88.42,"Yeah, yeah, so awesome. What position do you play? Keeper. Are you really?",really?,12,0.9781977534294128,0.911
segment,SPEAKER_01,89.32,91.72,"Did you hear? Yeah, okay, but I'm bad",,,-0.5764664500212866,1.07
word,SPEAKER_01,89.32,89.48,"Did you hear? Yeah, okay, but I'm bad",Did,0,0.13903175294399261,1.07
word,SPEAKER_01,89.48,89.5,"Did you hear? Yeah, okay, but I'm bad",you,1,0.9877606630325317,1.07
word,SPEAKER_01,89.5,89.78,"Did you hear? Yeah, okay, but I'm bad",hear?,2,0.36812257766723633,1.07
word,SPEAKER_01,90.04,90.34,"Did you hear? Yeah, okay, but I'm bad","Yeah,",3,0.85554039478302,1.07
word,SPEAKER_01,90.7,91.0,"Did you hear? Yeah, okay, but I'm bad","okay,",4,0.6679111123085022,1.07
word,SPEAKER_01,91.12,91.2,"Did you hear? Yeah, okay, but I'm bad",but,5,0.17358578741550446,1.07
word,SPEAKER_01,91.2,91.34,"Did you hear? Yeah, okay, but I'm bad",I'm,6,0.8765117526054382,1.07
word,SPEAKER_01,91.34,91.72,"Did you hear? Yeah, okay, but I'm bad",bad,7,0.56280517578125,1.07
segment,SPEAKER_01,92.94,95.36,You got you was I'm bad,,,-0.5764664500212866,1.418
word,SPEAKER_01,92.94,93.3,You got you was I'm bad,You,0,0.07163230329751968,1.418
word,SPEAKER_01,93.3,93.44,You got you was I'm bad,got,1,0.45161643624305725,1.418
word,SPEAKER_01,93.44,93.62,You got you was I'm bad,you,2,0.488168865442276,1.418
word,SPEAKER_01,93.62,93.78,You got you was I'm bad,was,3,0.7607481479644775,1.418
word,SPEAKER_01,93.78,93.96,You got you was I'm bad,I'm,4,0.7067775428295135,1.418
word,SPEAKER_01,93.96,95.36,You got you was I'm bad,bad,5,0.7061119079589844,1.418
segment,SPEAKER_00,95.74,99.26,It's not that we've been playing in gold since probably eight,,,-0.5764664500212866,1.384
word,SPEAKER_00,95.74,96.1,It's not that we've been playing in gold since probably eight,It's,0,0.5173457376658916,1.384
word,SPEAKER_00,96.1,96.1,It's not that we've been playing in gold since probably eight,not,1,0.3300739526748657,1.384
word,SPEAKER_00,96.1,96.26,It's not that we've been playing in gold since probably eight,that,2,0.14526572823524475,1.384
word,SPEAKER_00,96.26,96.36,It's not that we've been playing in gold since probably eight,we've,3,0.8646468818187714,1.384
word,SPEAKER_00,96.36,96.46,It's not that we've been playing in gold since probably eight,been,4,0.9980617165565491,1.384
word,SPEAKER_00,96.46,96.62,It's not that we've been playing in gold since probably eight,playing,5,0.6248466968536377,1.384
word,SPEAKER_00,96.62,96.84,It's not that we've been playing in gold since probably eight,in,6,0.7646072506904602,1.384
word,SPEAKER_00,96.84,97.24,It's not that we've been playing in gold since probably eight,gold,7,0.7934204339981079,1.384
word,SPEAKER_00,97.24,97.96,It's not that we've been playing in gold since probably eight,since,8,0.7657906413078308,1.384
word,SPEAKER_00,97.96,98.42,It's not that we've been playing in gold since probably eight,probably,9,0.5660293102264404,1.384
word,SPEAKER_00,98.42,99.26,It's not that we've been playing in gold since probably eight,eight,10,0.1504795104265213,1.384
segment,SPEAKER_00,99.26,102.6,And you're good. Yeah,,,-0.5764664500212866,0.337
word,SPEAKER_00,99.26,99.4,And you're good. Yeah,And,0,0.1254265308380127,0.337
word,SPEAKER_00,99.4,100.72,And you're good. Yeah,you're,1,0.8357682824134827,0.337
word,SPEAKER_00,100.72,101.16,And you're good. Yeah,good.,2,0.9852541089057922,0.337
word,SPEAKER_00,102.24,102.6,And you're good. Yeah,Yeah,3,0.9640453457832336,0.337
segment,SPEAKER_01,102.6,106.66,So it's just why you reckon to team how it's best didn't mean you can't be saying that,,,-0.5764664500212866,3.455
word,SPEAKER_01,102.6,103.1,So it's just why you reckon to team how it's best didn't mean you can't be saying that,So,0,0.5617935657501221,3.455
word,SPEAKER_01,103.1,103.58,So it's just why you reckon to team how it's best didn't mean you can't be saying that,it's,1,0.612685851752758,3.455
word,SPEAKER_01,103.58,103.64,So it's just why you reckon to team how it's best didn't mean you can't be saying that,just,2,0.13726577162742615,3.455
word,SPEAKER_01,103.64,103.68,So it's just why you reckon to team how it's best didn't mean you can't be saying that,why,3,0.79591304063797,3.455
word,SPEAKER_01,103.68,103.8,So it's just why you reckon to team how it's best didn't mean you can't be saying that,you,4,0.9840212464332581,3.455
word,SPEAKER_01,103.8,104.02,So it's just why you reckon to team how it's best didn't mean you can't be saying that,reckon,5,0.4937664568424225,3.455
word,SPEAKER_01,104.02,104.16,So it's just why you reckon to team how it's best didn't mean you can't be saying that,to,6,0.3450058400630951,3.455
word,SPEAKER_01,104.16,104.24,So it's just why you reckon to team how it's best didn't mean you can't be saying that,team,7,0.04026218131184578,3.455
word,SPEAKER_01,104.24,104.42,So it's just why you reckon to team how it's best didn't mean you can't be saying that,how,8,0.09482326358556747,3.455
word,SPEAKER_01,104.42,104.6,So it's just why you reckon to team how it's best didn't mean you can't be saying that,it's,9,0.5222227424383163,3.455
word,SPEAKER_01,104.6,105.0,So it's just why you reckon to team how it's best didn't mean you can't be saying that,best,10,0.4612663984298706,3.455
word,SPEAKER_01,105.0,105.88,So it's just why you reckon to team how it's best didn't mean you can't be saying that,didn't,11,0.5603877268731594,3.455
word,SPEAKER_01,105.88,106.08,So it's just why you reckon to team how it's best didn't mean you can't be saying that,mean,12,0.2658703327178955,3.455
word,SPEAKER_01,106.08,106.12,So it's just why you reckon to team how it's best didn't mean you can't be saying that,you,13,0.9133907556533813,3.455
word,SPEAKER_01,106.12,106.28,So it's just why you reckon to team how it's best didn't mean you can't be saying that,can't,14,0.9901609122753143,3.455
word,SPEAKER_01,106.28,106.44,So it's just why you reckon to team how it's best didn't mean you can't be saying that,be,15,0.9531506299972534,3.455
word,SPEAKER_01,106.44,106.56,So it's just why you reckon to team how it's best didn't mean you can't be saying that,saying,16,0.7884868383407593,3.455
word,SPEAKER_01,106.56,106.66,So it's just why you reckon to team how it's best didn't mean you can't be saying that,that,17,0.9591047167778015,3.455
segment,SPEAKER_00,106.66,111.24,"I mean how many goals have they considered? Yeah, it's only since fared and then it's gone though. Yeah",,,-0.5764664500212866,2.194
word,SPEAKER_00,106.66,106.78,"I mean how many goals have they considered? Yeah, it's only since fared and then it's gone though. Yeah",I,0,0.6248602271080017,2.194
word,SPEAKER_00,106.78,106.84,"I mean how many goals have they considered? Yeah, it's only since fared and then it's gone though. Yeah",mean,1,0.9957864880561829,2.194
word,SPEAKER_00,106.84,106.94,"I mean how many goals have they considered? Yeah, it's only since fared and then it's gone though. Yeah",how,2,0.5187594294548035,2.194
word,SPEAKER_00,106.94,107.1,"I mean how many goals have they considered? Yeah, it's only since fared and then it's gone though. Yeah",many,3,0.965360701084137,2.194
word,SPEAKER_00,107.1,107.28,"I mean how many goals have they considered? Yeah, it's only since fared and then it's gone though. Yeah",goals,4,0.3359317481517792,2.194
word,SPEAKER_00,107.28,107.46,"I mean how many goals have they considered? Yeah, it's only since fared and then it's gone though. Yeah",have,5,0.25297221541404724,2.194
word,SPEAKER_00,107.46,107.58,"I mean how many goals have they considered? Yeah, it's only since fared and then it's gone though. Yeah",they,6,0.9768224954605103,2.194
word,SPEAKER_00,107.58,107.92,"I mean how many goals have they considered? Yeah, it's only since fared and then it's gone though. Yeah",considered?,7,0.43114161491394043,2.194
word,SPEAKER_00,108.32,108.52,"I mean how many goals have they considered? Yeah, it's only since fared and then it's gone though. Yeah","Yeah,",8,0.9333358407020569,2.194
word,SPEAKER_00,108.86,108.9,"I mean how many goals have they considered? Yeah, it's only since fared and then it's gone though. Yeah",it's,9,0.9244267642498016,2.194
word,SPEAKER_00,108.9,109.04,"I mean how many goals have they considered? Yeah, it's only since fared and then it's gone though. Yeah",only,10,0.8367204666137695,2.194
word,SPEAKER_00,109.04,109.28,"I mean how many goals have they considered? Yeah, it's only since fared and then it's gone though. Yeah",since,11,0.9770687222480774,2.194
word,SPEAKER_00,109.28,109.52,"I mean how many goals have they considered? Yeah, it's only since fared and then it's gone though. Yeah",fared,12,0.3362365663051605,2.194
word,SPEAKER_00,109.52,109.66,"I mean how many goals have they considered? Yeah, it's only since fared and then it's gone though. Yeah",and,13,0.41952118277549744,2.194
word,SPEAKER_00,109.66,109.82,"I mean how many goals have they considered? Yeah, it's only since fared and then it's gone though. Yeah",then,14,0.34755560755729675,2.194
word,SPEAKER_00,109.82,109.9,"I mean how many goals have they considered? Yeah, it's only since fared and then it's gone though. Yeah",it's,15,0.7284175008535385,2.194
word,SPEAKER_00,109.9,110.04,"I mean how many goals have they considered? Yeah, it's only since fared and then it's gone though. Yeah",gone,16,0.8927421569824219,2.194
word,SPEAKER_00,110.04,110.54,"I mean how many goals have they considered? Yeah, it's only since fared and then it's gone though. Yeah",though.,17,0.3857680559158325,2.194
word,SPEAKER_00,110.88,111.24,"I mean how many goals have they considered? Yeah, it's only since fared and then it's gone though. Yeah",Yeah,18,0.989887535572052,2.194
segment,SPEAKER_01,111.24,114.52,So what they're gonna do about that? Well,,,-0.4866753114121301,1.046
word,SPEAKER_01,111.24,111.74,So what they're gonna do about that? Well,So,0,0.2362104207277298,1.046
word,SPEAKER_01,111.74,111.86,So what they're gonna do about that? Well,what,1,0.7323824763298035,1.046
word,SPEAKER_01,111.86,112.1,So what they're gonna do about that? Well,they're,2,0.6981036961078644,1.046
word,SPEAKER_01,112.1,112.1,So what they're gonna do about that? Well,gonna,3,0.5890981554985046,1.046
word,SPEAKER_01,112.1,112.28,So what they're gonna do about that? Well,do,4,0.9954819679260254,1.046
word,SPEAKER_01,112.28,112.44,So what they're gonna do about that? Well,about,5,0.7912805676460266,1.046
word,SPEAKER_01,112.44,114.0,So what they're gonna do about that? Well,that?,6,0.9710949063301086,1.046
word,SPEAKER_01,114.34,114.52,So what they're gonna do about that? Well,Well,7,0.9212117791175842,1.046
segment,SPEAKER_00,115.76,119.1,Where's Brown's back after the injury that he had last season so,,,-0.4866753114121301,1.738
word,SPEAKER_00,115.76,116.24,Where's Brown's back after the injury that he had last season so,Where's,0,0.5223076455295086,1.738
word,SPEAKER_00,116.24,116.52,Where's Brown's back after the injury that he had last season so,Brown's,1,0.4403132498264313,1.738
word,SPEAKER_00,116.52,116.6,Where's Brown's back after the injury that he had last season so,back,2,0.8760275840759277,1.738
word,SPEAKER_00,116.6,116.84,Where's Brown's back after the injury that he had last season so,after,3,0.9704914689064026,1.738
word,SPEAKER_00,116.84,117.06,Where's Brown's back after the injury that he had last season so,the,4,0.878128170967102,1.738
word,SPEAKER_00,117.06,117.38,Where's Brown's back after the injury that he had last season so,injury,5,0.8871284127235413,1.738
word,SPEAKER_00,117.38,118.06,Where's Brown's back after the injury that he had last season so,that,6,0.8158649206161499,1.738
word,SPEAKER_00,118.06,118.18,Where's Brown's back after the injury that he had last season so,he,7,0.8495920896530151,1.738
word,SPEAKER_00,118.18,118.3,Where's Brown's back after the injury that he had last season so,had,8,0.9912074208259583,1.738
word,SPEAKER_00,118.3,118.54,Where's Brown's back after the injury that he had last season so,last,9,0.9396251440048218,1.738
word,SPEAKER_00,118.54,118.86,Where's Brown's back after the injury that he had last season so,season,10,0.9462597966194153,1.738
word,SPEAKER_00,118.86,119.1,Where's Brown's back after the injury that he had last season so,so,11,0.32116368412971497,1.738
segment,SPEAKER_00,120.34,126.22,"Yeah, I mean playing that world but I think he'll improve and social has come back and he can play in rap",,,-0.4866753114121301,3.814
word,SPEAKER_00,120.34,120.76,"Yeah, I mean playing that world but I think he'll improve and social has come back and he can play in rap","Yeah,",0,0.3597595989704132,3.814
word,SPEAKER_00,120.76,120.92,"Yeah, I mean playing that world but I think he'll improve and social has come back and he can play in rap",I,1,0.2340576946735382,3.814
word,SPEAKER_00,120.92,120.92,"Yeah, I mean playing that world but I think he'll improve and social has come back and he can play in rap",mean,2,0.45630618929862976,3.814
word,SPEAKER_00,120.92,121.12,"Yeah, I mean playing that world but I think he'll improve and social has come back and he can play in rap",playing,3,0.516674816608429,3.814
word,SPEAKER_00,121.12,121.3,"Yeah, I mean playing that world but I think he'll improve and social has come back and he can play in rap",that,4,0.9763318300247192,3.814
word,SPEAKER_00,121.3,121.44,"Yeah, I mean playing that world but I think he'll improve and social has come back and he can play in rap",world,5,0.6510230302810669,3.814
word,SPEAKER_00,121.44,121.6,"Yeah, I mean playing that world but I think he'll improve and social has come back and he can play in rap",but,6,0.43635326623916626,3.814
word,SPEAKER_00,121.6,121.62,"Yeah, I mean playing that world but I think he'll improve and social has come back and he can play in rap",I,7,0.9690491557121277,3.814
word,SPEAKER_00,121.62,121.8,"Yeah, I mean playing that world but I think he'll improve and social has come back and he can play in rap",think,8,0.8042967915534973,3.814
word,SPEAKER_00,121.8,122.06,"Yeah, I mean playing that world but I think he'll improve and social has come back and he can play in rap",he'll,9,0.8558980226516724,3.814
word,SPEAKER_00,122.06,122.34,"Yeah, I mean playing that world but I think he'll improve and social has come back and he can play in rap",improve,10,0.9938475489616394,3.814
word,SPEAKER_00,122.34,123.08,"Yeah, I mean playing that world but I think he'll improve and social has come back and he can play in rap",and,11,0.9553689956665039,3.814
word,SPEAKER_00,123.08,123.58,"Yeah, I mean playing that world but I think he'll improve and social has come back and he can play in rap",social,12,0.353392630815506,3.814
word,SPEAKER_00,123.58,123.82,"Yeah, I mean playing that world but I think he'll improve and social has come back and he can play in rap",has,13,0.42821186780929565,3.814
word,SPEAKER_00,123.82,124.02,"Yeah, I mean playing that world but I think he'll improve and social has come back and he can play in rap",come,14,0.9935245513916016,3.814
word,SPEAKER_00,124.02,124.86,"Yeah, I mean playing that world but I think he'll improve and social has come back and he can play in rap",back,15,0.9965264201164246,3.814
word,SPEAKER_00,124.86,125.24,"Yeah, I mean playing that world but I think he'll improve and social has come back and he can play in rap",and,16,0.5423685312271118,3.814
word,SPEAKER_00,125.24,125.36,"Yeah, I mean playing that world but I think he'll improve and social has come back and he can play in rap",he,17,0.9804434180259705,3.814
word,SPEAKER_00,125.36,125.5,"Yeah, I mean playing that world but I think he'll improve and social has come back and he can play in rap",can,18,0.20279090106487274,3.814
word,SPEAKER_00,125.5,125.88,"Yeah, I mean playing that world but I think he'll improve and social has come back and he can play in rap",play,19,0.9463868141174316,3.814
word,SPEAKER_00,125.88,126.08,"Yeah, I mean playing that world but I think he'll improve and social has come back and he can play in rap",in,20,0.814265251159668,3.814
word,SPEAKER_00,126.08,126.22,"Yeah, I mean playing that world but I think he'll improve and social has come back and he can play in rap",rap,21,0.12584660947322845,3.814
segment,SPEAKER_00,126.22,128.2,Meadow or Syracur so I think that,,,-0.4866753114121301,1.858
word,SPEAKER_00,126.22,126.5,Meadow or Syracur so I think that,Meadow,0,0.07633190462365746,1.858
word,SPEAKER_00,126.5,126.78,Meadow or Syracur so I think that,or,1,0.9396823048591614,1.858
word,SPEAKER_00,126.78,127.0,Meadow or Syracur so I think that,Syracur,2,0.4638466586669286,1.858
word,SPEAKER_00,127.0,127.48,Meadow or Syracur so I think that,so,3,0.5216889977455139,1.858
word,SPEAKER_00,127.48,127.8,Meadow or Syracur so I think that,I,4,0.8300527930259705,1.858
word,SPEAKER_00,127.8,127.96,Meadow or Syracur so I think that,think,5,0.9940890073776245,1.858
word,SPEAKER_00,127.96,128.2,Meadow or Syracur so I think that,that,6,0.9243772625923157,1.858
segment,SPEAKER_00,130.28,133.68,"Yeah, and so now then John O'Shea and Gary Neville",,,-0.4866753114121301,2.903
word,SPEAKER_00,130.28,130.76,"Yeah, and so now then John O'Shea and Gary Neville","Yeah,",0,0.7002477645874023,2.903
word,SPEAKER_00,131.22,131.24,"Yeah, and so now then John O'Shea and Gary Neville",and,1,0.30646637082099915,2.903
word,SPEAKER_00,131.24,131.38,"Yeah, and so now then John O'Shea and Gary Neville",so,2,0.6566547155380249,2.903
word,SPEAKER_00,131.38,131.6,"Yeah, and so now then John O'Shea and Gary Neville",now,3,0.25044313073158264,2.903
word,SPEAKER_00,131.6,132.14,"Yeah, and so now then John O'Shea and Gary Neville",then,4,0.5678520202636719,2.903
word,SPEAKER_00,132.14,132.32,"Yeah, and so now then John O'Shea and Gary Neville",John,5,0.34950777888298035,2.903
word,SPEAKER_00,132.32,132.72,"Yeah, and so now then John O'Shea and Gary Neville",O'Shea,6,0.4802340269088745,2.903
word,SPEAKER_00,132.72,132.94,"Yeah, and so now then John O'Shea and Gary Neville",and,7,0.9698824286460876,2.903
word,SPEAKER_00,132.94,133.1,"Yeah, and so now then John O'Shea and Gary Neville",Gary,8,0.7465962767601013,2.903
word,SPEAKER_00,133.1,133.68,"Yeah, and so now then John O'Shea and Gary Neville",Neville,9,0.7614283263683319,2.903
segment,SPEAKER_01,133.68,137.0,"Yeah, he should have a really good defense",,,-0.579907584436161,1.755
word,SPEAKER_01,133.68,134.38,"Yeah, he should have a really good defense","Yeah,",0,0.07035830616950989,1.755
word,SPEAKER_01,134.38,135.48,"Yeah, he should have a really good defense",he,1,0.18859703838825226,1.755
word,SPEAKER_01,135.48,135.64,"Yeah, he should have a really good defense",should,2,0.9812273979187012,1.755
word,SPEAKER_01,135.64,135.88,"Yeah, he should have a really good defense",have,3,0.97054523229599,1.755
word,SPEAKER_01,135.88,136.06,"Yeah, he should have a really good defense",a,4,0.9631298780441284,1.755
word,SPEAKER_01,136.06,136.16,"Yeah, he should have a really good defense",really,5,0.9159443974494934,1.755
word,SPEAKER_01,136.16,136.44,"Yeah, he should have a really good defense",good,6,0.9960606694221497,1.755
word,SPEAKER_01,136.44,137.0,"Yeah, he should have a really good defense",defense,7,0.5422688126564026,1.755
segment,SPEAKER_00,137.0,138.4,Mm-hmm,,,-0.579907584436161,0.478
word,SPEAKER_00,137.0,137.34,Mm-hmm,Mm,0,0.005477672442793846,0.478
word,SPEAKER_00,137.34,138.4,Mm-hmm,-hmm,1,0.7507620751857758,0.478
segment,SPEAKER_01,139.98,143.36,"Right, um, have you been anywhere exciting lately?",,,-0.579907584436161,2.457
word,SPEAKER_01,139.98,140.62,"Right, um, have you been anywhere exciting lately?","Right,",0,0.004602793604135513,2.457
word,SPEAKER_01,142.02,142.06,"Right, um, have you been anywhere exciting lately?","um,",1,0.34825173020362854,2.457
word,SPEAKER_01,142.06,142.08,"Right, um, have you been anywhere exciting lately?",have,2,0.3185913860797882,2.457
word,SPEAKER_01,142.08,142.22,"Right, um, have you been anywhere exciting lately?",you,3,0.9199946522712708,2.457
word,SPEAKER_01,142.22,142.36,"Right, um, have you been anywhere exciting lately?",been,4,0.9729484915733337,2.457
word,SPEAKER_01,142.36,142.68,"Right, um, have you been anywhere exciting lately?",anywhere,5,0.9209443926811218,2.457
word,SPEAKER_01,142.68,143.04,"Right, um, have you been anywhere exciting lately?",exciting,6,0.8122918009757996,2.457
word,SPEAKER_01,143.04,143.36,"Right, um, have you been anywhere exciting lately?",lately?,7,0.9827055931091309,2.457
segment,SPEAKER_01,144.56,146.04,Must have been,,,-0.579907584436161,0.236
word,SPEAKER_01,144.56,145.2,Must have been,Must,0,0.9171215295791626,0.236
word,SPEAKER_01,145.2,145.38,Must have been,have,1,0.5941615700721741,0.236
word,SPEAKER_01,145.38,146.04,Must have been,been,2,0.9956856966018677,0.236
segment,SPEAKER_00,146.04,147.56,Under the matches,,,-0.579907584436161,1.257
word,SPEAKER_00,146.04,146.66,Under the matches,Under,0,0.005793769843876362,1.257
word,SPEAKER_00,146.66,146.84,Under the matches,the,1,0.9901580214500427,1.257
word,SPEAKER_00,146.84,147.56,Under the matches,matches,2,0.8325737714767456,1.257
segment,SPEAKER_01,148.36,150.92,You're getting top them as excited,,,-0.579907584436161,1.434
word,SPEAKER_01,148.36,149.0,You're getting top them as excited,You're,0,0.4780315235257149,1.434
word,SPEAKER_01,149.0,149.64,You're getting top them as excited,getting,1,0.055046651512384415,1.434
word,SPEAKER_01,149.64,149.82,You're getting top them as excited,top,2,0.23605698347091675,1.434
word,SPEAKER_01,149.82,149.96,You're getting top them as excited,them,3,0.3715294301509857,1.434
word,SPEAKER_01,149.96,150.1,You're getting top them as excited,as,4,0.7414463758468628,1.434
word,SPEAKER_01,150.1,150.92,You're getting top them as excited,excited,5,0.9147380590438843,1.434
segment,SPEAKER_00,150.92,154.92,"Well, sometimes they're a bit boring, but sometimes they can't be exciting",,,-0.579907584436161,3.729
word,SPEAKER_00,150.92,151.56,"Well, sometimes they're a bit boring, but sometimes they can't be exciting","Well,",0,0.4737192988395691,3.729
word,SPEAKER_00,152.3,152.34,"Well, sometimes they're a bit boring, but sometimes they can't be exciting",sometimes,1,0.97661954164505,3.729
word,SPEAKER_00,152.34,152.66,"Well, sometimes they're a bit boring, but sometimes they can't be exciting",they're,2,0.6734089255332947,3.729
word,SPEAKER_00,152.66,152.82,"Well, sometimes they're a bit boring, but sometimes they can't be exciting",a,3,0.9699679613113403,3.729
word,SPEAKER_00,152.82,152.82,"Well, sometimes they're a bit boring, but sometimes they can't be exciting",bit,4,0.9931572079658508,3.729
word,SPEAKER_00,152.82,153.06,"Well, sometimes they're a bit boring, but sometimes they can't be exciting","boring,",5,0.9092977046966553,3.729
word,SPEAKER_00,153.26,153.26,"Well, sometimes they're a bit boring, but sometimes they can't be exciting",but,6,0.999505877494812,3.729
word,SPEAKER_00,153.26,153.72,"Well, sometimes they're a bit boring, but sometimes they can't be exciting",sometimes,7,0.9969182014465332,3.729
word,SPEAKER_00,153.72,154.04,"Well, sometimes they're a bit boring, but sometimes they can't be exciting",they,8,0.9749943017959595,3.729
word,SPEAKER_00,154.04,154.38,"Well, sometimes they're a bit boring, but sometimes they can't be exciting",can't,9,0.7681857943534851,3.729
word,SPEAKER_00,154.38,154.44,"Well, sometimes they're a bit boring, but sometimes they can't be exciting",be,10,0.8716696500778198,3.729
word,SPEAKER_00,154.44,154.92,"Well, sometimes they're a bit boring, but sometimes they can't be exciting",exciting,11,0.948363184928894,3.729
segment,SPEAKER_00,154.92,160.52,"Oh, yeah, freeing your lap and then they lost it. Yeah, that was incredible",,,-0.579907584436161,2.514
word,SPEAKER_00,154.92,155.7,"Oh, yeah, freeing your lap and then they lost it. Yeah, that was incredible","Oh,",0,0.2691291272640228,2.514
word,SPEAKER_00,157.38,157.38,"Oh, yeah, freeing your lap and then they lost it. Yeah, that was incredible","yeah,",1,0.948839008808136,2.514
word,SPEAKER_00,157.38,158.1,"Oh, yeah, freeing your lap and then they lost it. Yeah, that was incredible",freeing,2,0.19478333741426468,2.514
word,SPEAKER_00,158.1,158.18,"Oh, yeah, freeing your lap and then they lost it. Yeah, that was incredible",your,3,0.5042164921760559,2.514
word,SPEAKER_00,158.18,158.34,"Oh, yeah, freeing your lap and then they lost it. Yeah, that was incredible",lap,4,0.410501629114151,2.514
word,SPEAKER_00,158.34,158.42,"Oh, yeah, freeing your lap and then they lost it. Yeah, that was incredible",and,5,0.720549464225769,2.514
word,SPEAKER_00,158.42,158.58,"Oh, yeah, freeing your lap and then they lost it. Yeah, that was incredible",then,6,0.7175963521003723,2.514
word,SPEAKER_00,158.58,158.66,"Oh, yeah, freeing your lap and then they lost it. Yeah, that was incredible",they,7,0.9837659597396851,2.514
word,SPEAKER_00,158.66,158.86,"Oh, yeah, freeing your lap and then they lost it. Yeah, that was incredible",lost,8,0.9609116911888123,2.514
word,SPEAKER_00,158.86,159.42,"Oh, yeah, freeing your lap and then they lost it. Yeah, that was incredible",it.,9,0.9942710399627686,2.514
word,SPEAKER_00,159.42,159.66,"Oh, yeah, freeing your lap and then they lost it. Yeah, that was incredible","Yeah,",10,0.963848888874054,2.514
word,SPEAKER_00,159.66,159.78,"Oh, yeah, freeing your lap and then they lost it. Yeah, that was incredible",that,11,0.655135989189148,2.514
word,SPEAKER_00,159.78,159.92,"Oh, yeah, freeing your lap and then they lost it. Yeah, that was incredible",was,12,0.951151430606842,2.514
word,SPEAKER_00,159.92,160.52,"Oh, yeah, freeing your lap and then they lost it. Yeah, that was incredible",incredible,13,0.9863744974136353,2.514
segment,SPEAKER_01,161.12,162.66,So you're at that game,,,-0.579907584436161,1.249
word,SPEAKER_01,161.12,161.48,So you're at that game,So,0,0.5899405479431152,1.249
word,SPEAKER_01,161.48,161.86,So you're at that game,you're,1,0.8045379221439362,1.249
word,SPEAKER_01,161.86,162.02,So you're at that game,at,2,0.8730674982070923,1.249
word,SPEAKER_01,162.02,162.2,So you're at that game,that,3,0.39457735419273376,1.249
word,SPEAKER_01,162.2,162.66,So you're at that game,game,4,0.9780821800231934,1.249
segment,SPEAKER_01,164.84,166.28,I think that bad,,,-0.5100522939260904,0.857
word,SPEAKER_01,164.84,165.54,I think that bad,I,0,0.06936389207839966,0.857
word,SPEAKER_01,165.54,165.68,I think that bad,think,1,0.14646124839782715,0.857
word,SPEAKER_01,165.68,165.82,I think that bad,that,2,0.4721127152442932,0.857
word,SPEAKER_01,165.82,166.28,I think that bad,bad,3,0.2024599313735962,0.857
segment,SPEAKER_00,167.12,173.02,"Sometimes they can play well, but sometimes they just don't seem to work all together",,,-0.5100522939260904,5.704
word,SPEAKER_00,167.12,167.64,"Sometimes they can play well, but sometimes they just don't seem to work all together",Sometimes,0,0.0004247011966072023,5.704
word,SPEAKER_00,167.64,168.0,"Sometimes they can play well, but sometimes they just don't seem to work all together",they,1,0.9676889181137085,5.704
word,SPEAKER_00,168.0,168.12,"Sometimes they can play well, but sometimes they just don't seem to work all together",can,2,0.8303812146186829,5.704
word,SPEAKER_00,168.12,168.34,"Sometimes they can play well, but sometimes they just don't seem to work all together",play,3,0.9912521243095398,5.704
word,SPEAKER_00,168.34,168.6,"Sometimes they can play well, but sometimes they just don't seem to work all together","well,",4,0.9769655466079712,5.704
word,SPEAKER_00,168.76,168.76,"Sometimes they can play well, but sometimes they just don't seem to work all together",but,5,0.977501630783081,5.704
word,SPEAKER_00,168.76,169.26,"Sometimes they can play well, but sometimes they just don't seem to work all together",sometimes,6,0.9875831007957458,5.704
word,SPEAKER_00,169.26,170.04,"Sometimes they can play well, but sometimes they just don't seem to work all together",they,7,0.9546011090278625,5.704
word,SPEAKER_00,170.04,170.82,"Sometimes they can play well, but sometimes they just don't seem to work all together",just,8,0.915044903755188,5.704
word,SPEAKER_00,170.82,171.34,"Sometimes they can play well, but sometimes they just don't seem to work all together",don't,9,0.8511607646942139,5.704
word,SPEAKER_00,171.34,171.68,"Sometimes they can play well, but sometimes they just don't seem to work all together",seem,10,0.24980822205543518,5.704
word,SPEAKER_00,171.68,172.02,"Sometimes they can play well, but sometimes they just don't seem to work all together",to,11,0.9797159433364868,5.704
word,SPEAKER_00,172.02,172.28,"Sometimes they can play well, but sometimes they just don't seem to work all together",work,12,0.9658270478248596,5.704
word,SPEAKER_00,172.28,172.5,"Sometimes they can play well, but sometimes they just don't seem to work all together",all,13,0.7841621041297913,5.704
word,SPEAKER_00,172.5,173.02,"Sometimes they can play well, but sometimes they just don't seem to work all together",together,14,0.9985756874084473,5.704
segment,SPEAKER_01,176.46,179.36,What about Christmas? What do you get for Christmas? Christmas?,,,-0.5100522939260904,1.855
word,SPEAKER_01,176.46,176.98,What about Christmas? What do you get for Christmas? Christmas?,What,0,0.08462657779455185,1.855
word,SPEAKER_01,176.98,177.16,What about Christmas? What do you get for Christmas? Christmas?,about,1,0.9814167022705078,1.855
word,SPEAKER_01,177.16,177.42,What about Christmas? What do you get for Christmas? Christmas?,Christmas?,2,0.953201174736023,1.855
word,SPEAKER_01,177.66,177.66,What about Christmas? What do you get for Christmas? Christmas?,What,3,0.629539430141449,1.855
word,SPEAKER_01,177.66,177.7,What about Christmas? What do you get for Christmas? Christmas?,do,4,0.8683757781982422,1.855
word,SPEAKER_01,177.7,177.82,What about Christmas? What do you get for Christmas? Christmas?,you,5,0.9857805371284485,1.855
word,SPEAKER_01,177.82,177.86,What about Christmas? What do you get for Christmas? Christmas?,get,6,0.9926204681396484,1.855
word,SPEAKER_01,177.86,177.96,What about Christmas? What do you get for Christmas? Christmas?,for,7,0.9614332318305969,1.855
word,SPEAKER_01,177.96,178.38,What about Christmas? What do you get for Christmas? Christmas?,Christmas?,8,0.9931018352508545,1.855
word,SPEAKER_01,179.36,179.36,What about Christmas? What do you get for Christmas? Christmas?,Christmas?,9,0.9272201657295227,1.855
segment,SPEAKER_00,180.62,185.92,"DVD player yeah, and this stereo some clothes and I knew watch",,,-0.5100522939260904,5.3
word,SPEAKER_00,180.62,180.62,"DVD player yeah, and this stereo some clothes and I knew watch",DVD,0,0.02917754277586937,5.3
word,SPEAKER_00,180.62,181.34,"DVD player yeah, and this stereo some clothes and I knew watch",player,1,0.7021853923797607,5.3
word,SPEAKER_00,181.34,181.92,"DVD player yeah, and this stereo some clothes and I knew watch","yeah,",2,0.01565205119550228,5.3
word,SPEAKER_00,182.08,182.08,"DVD player yeah, and this stereo some clothes and I knew watch",and,3,0.1945953071117401,5.3
word,SPEAKER_00,182.08,182.18,"DVD player yeah, and this stereo some clothes and I knew watch",this,4,0.7226083278656006,5.3
word,SPEAKER_00,182.18,182.72,"DVD player yeah, and this stereo some clothes and I knew watch",stereo,5,0.3628165125846863,5.3
word,SPEAKER_00,182.72,183.48,"DVD player yeah, and this stereo some clothes and I knew watch",some,6,0.4261733591556549,5.3
word,SPEAKER_00,183.48,184.02,"DVD player yeah, and this stereo some clothes and I knew watch",clothes,7,0.5436791181564331,5.3
word,SPEAKER_00,184.02,184.78,"DVD player yeah, and this stereo some clothes and I knew watch",and,8,0.9266303181648254,5.3
word,SPEAKER_00,184.78,185.52,"DVD player yeah, and this stereo some clothes and I knew watch",I,9,0.8240494132041931,5.3
word,SPEAKER_00,185.52,185.66,"DVD player yeah, and this stereo some clothes and I knew watch",knew,10,0.6591373085975647,5.3
word,SPEAKER_00,185.66,185.92,"DVD player yeah, and this stereo some clothes and I knew watch",watch,11,0.48207908868789673,5.3
segment,SPEAKER_00,186.72,190.44,"Have you got any DVD? Yeah, I've got some rather than man the royal family",,,-0.5100522939260904,2.32
word,SPEAKER_00,186.72,187.24,"Have you got any DVD? Yeah, I've got some rather than man the royal family",Have,0,0.1597139835357666,2.32
word,SPEAKER_00,187.24,187.32,"Have you got any DVD? Yeah, I've got some rather than man the royal family",you,1,0.992712140083313,2.32
word,SPEAKER_00,187.32,187.38,"Have you got any DVD? Yeah, I've got some rather than man the royal family",got,2,0.9579198956489563,2.32
word,SPEAKER_00,187.38,187.52,"Have you got any DVD? Yeah, I've got some rather than man the royal family",any,3,0.7821028828620911,2.32
word,SPEAKER_00,187.52,187.8,"Have you got any DVD? Yeah, I've got some rather than man the royal family",DVD?,4,0.9623681306838989,2.32
word,SPEAKER_00,188.28,188.52,"Have you got any DVD? Yeah, I've got some rather than man the royal family","Yeah,",5,0.8282495737075806,2.32
word,SPEAKER_00,188.52,188.72,"Have you got any DVD? Yeah, I've got some rather than man the royal family",I've,6,0.7384403645992279,2.32
word,SPEAKER_00,188.72,188.82,"Have you got any DVD? Yeah, I've got some rather than man the royal family",got,7,0.9951910972595215,2.32
word,SPEAKER_00,188.82,188.96,"Have you got any DVD? Yeah, I've got some rather than man the royal family",some,8,0.08859291672706604,2.32
word,SPEAKER_00,188.96,189.16,"Have you got any DVD? Yeah, I've got some rather than man the royal family",rather,9,0.3893892168998718,2.32
word,SPEAKER_00,189.16,189.36,"Have you got any DVD? Yeah, I've got some rather than man the royal family",than,10,0.44504261016845703,2.32
word,SPEAKER_00,189.36,189.72,"Have you got any DVD? Yeah, I've got some rather than man the royal family",man,11,0.36746251583099365,2.32
word,SPEAKER_00,189.72,189.88,"Have you got any DVD? Yeah, I've got some rather than man the royal family",the,12,0.5671516060829163,2.32
word,SPEAKER_00,189.88,190.06,"Have you got any DVD? Yeah, I've got some rather than man the royal family",royal,13,0.4035051763057709,2.32
word,SPEAKER_00,190.06,190.44,"Have you got any DVD? Yeah, I've got some rather than man the royal family",family,14,0.9977973699569702,2.32
segment,SPEAKER_00,191.64,192.2,Um,,,-0.5140294996292695,0.56
word,SPEAKER_00,191.64,192.2,Um,Um,0,0.0062418594025075436,0.56
segment,SPEAKER_00,193.44,195.76,"Well, so I got",,,-0.5140294996292695,0.844
word,SPEAKER_00,193.44,194.0,"Well, so I got","Well,",0,0.1403791755437851,0.844
word,SPEAKER_00,194.16,194.2,"Well, so I got",so,1,0.4367839992046356,0.844
word,SPEAKER_00,194.2,194.28,"Well, so I got",I,2,0.5903929471969604,0.844
word,SPEAKER_00,194.28,195.76,"Well, so I got",got,3,0.7595182061195374,0.844
segment,SPEAKER_00,196.36,199.44,"Ocean 11. All right, yeah, and",,,-0.5140294996292695,0.911
word,SPEAKER_00,196.36,196.76,"Ocean 11. All right, yeah, and",Ocean,0,0.27176252007484436,0.911
word,SPEAKER_00,196.76,197.22,"Ocean 11. All right, yeah, and",11.,1,0.41441866755485535,0.911
word,SPEAKER_00,197.88,197.88,"Ocean 11. All right, yeah, and",All,2,0.19174061715602875,0.911
word,SPEAKER_00,197.88,198.1,"Ocean 11. All right, yeah, and","right,",3,0.9916049242019653,0.911
word,SPEAKER_00,198.16,198.58,"Ocean 11. All right, yeah, and","yeah,",4,0.8883100748062134,0.911
word,SPEAKER_00,198.9,199.44,"Ocean 11. All right, yeah, and",and,5,0.9796696901321411,0.911
segment,SPEAKER_00,200.3,203.96,"Terminate a three, but I haven't seen terminate a three yet",,,-0.5140294996292695,1.822
word,SPEAKER_00,200.3,200.86,"Terminate a three, but I haven't seen terminate a three yet",Terminate,0,0.4759717211127281,1.822
word,SPEAKER_00,200.86,201.08,"Terminate a three, but I haven't seen terminate a three yet",a,1,0.30862995982170105,1.822
word,SPEAKER_00,201.08,201.74,"Terminate a three, but I haven't seen terminate a three yet","three,",2,0.5500652194023132,1.822
word,SPEAKER_00,202.08,202.14,"Terminate a three, but I haven't seen terminate a three yet",but,3,0.9749360084533691,1.822
word,SPEAKER_00,202.14,202.4,"Terminate a three, but I haven't seen terminate a three yet",I,4,0.8835623264312744,1.822
word,SPEAKER_00,202.4,202.68,"Terminate a three, but I haven't seen terminate a three yet",haven't,5,0.9209425449371338,1.822
word,SPEAKER_00,202.68,202.92,"Terminate a three, but I haven't seen terminate a three yet",seen,6,0.7619674801826477,1.822
word,SPEAKER_00,202.92,203.28,"Terminate a three, but I haven't seen terminate a three yet",terminate,7,0.5124966762959957,1.822
word,SPEAKER_00,203.28,203.44,"Terminate a three, but I haven't seen terminate a three yet",a,8,0.7890567183494568,1.822
word,SPEAKER_00,203.44,203.5,"Terminate a three, but I haven't seen terminate a three yet",three,9,0.6445308327674866,1.822
word,SPEAKER_00,203.5,203.96,"Terminate a three, but I haven't seen terminate a three yet",yet,10,0.2633298337459564,1.822
segment,SPEAKER_01,203.96,205.24,Who's the notion to lemon?,,,-0.5140294996292695,0.984
word,SPEAKER_01,203.96,204.2,Who's the notion to lemon?,Who's,0,0.27191753376973793,0.984
word,SPEAKER_01,204.2,204.3,Who's the notion to lemon?,the,1,0.5790305733680725,0.984
word,SPEAKER_01,204.3,204.48,Who's the notion to lemon?,notion,2,0.31511297821998596,0.984
word,SPEAKER_01,204.48,204.7,Who's the notion to lemon?,to,3,0.8402515053749084,0.984
word,SPEAKER_01,204.7,205.24,Who's the notion to lemon?,lemon?,4,0.2448950558900833,0.984
segment,SPEAKER_00,205.9,210.2,"Um Matt Damon and the Garcia, Brad Pitt, Julia Roberts and there's one more",,,-0.5140294996292695,4.3
word,SPEAKER_00,205.9,205.9,"Um Matt Damon and the Garcia, Brad Pitt, Julia Roberts and there's one more",Um,0,0.30379459261894226,4.3
word,SPEAKER_00,205.9,206.04,"Um Matt Damon and the Garcia, Brad Pitt, Julia Roberts and there's one more",Matt,1,0.8976371884346008,4.3
word,SPEAKER_00,206.04,206.36,"Um Matt Damon and the Garcia, Brad Pitt, Julia Roberts and there's one more",Damon,2,0.956214427947998,4.3
word,SPEAKER_00,206.36,206.74,"Um Matt Damon and the Garcia, Brad Pitt, Julia Roberts and there's one more",and,3,0.5146166682243347,4.3
word,SPEAKER_00,206.74,206.86,"Um Matt Damon and the Garcia, Brad Pitt, Julia Roberts and there's one more",the,4,0.31180599331855774,4.3
word,SPEAKER_00,206.86,207.26,"Um Matt Damon and the Garcia, Brad Pitt, Julia Roberts and there's one more","Garcia,",5,0.8422725200653076,4.3
word,SPEAKER_00,207.64,207.64,"Um Matt Damon and the Garcia, Brad Pitt, Julia Roberts and there's one more",Brad,6,0.9773145914077759,4.3
word,SPEAKER_00,207.64,208.02,"Um Matt Damon and the Garcia, Brad Pitt, Julia Roberts and there's one more","Pitt,",7,0.8304935097694397,4.3
word,SPEAKER_00,208.12,208.24,"Um Matt Damon and the Garcia, Brad Pitt, Julia Roberts and there's one more",Julia,8,0.3119502365589142,4.3
word,SPEAKER_00,208.24,208.6,"Um Matt Damon and the Garcia, Brad Pitt, Julia Roberts and there's one more",Roberts,9,0.9751020669937134,4.3
word,SPEAKER_00,208.6,209.46,"Um Matt Damon and the Garcia, Brad Pitt, Julia Roberts and there's one more",and,10,0.5179014801979065,4.3
word,SPEAKER_00,209.46,209.78,"Um Matt Damon and the Garcia, Brad Pitt, Julia Roberts and there's one more",there's,11,0.9727332592010498,4.3
word,SPEAKER_00,209.78,209.92,"Um Matt Damon and the Garcia, Brad Pitt, Julia Roberts and there's one more",one,12,0.991971492767334,4.3
word,SPEAKER_00,209.92,210.2,"Um Matt Damon and the Garcia, Brad Pitt, Julia Roberts and there's one more",more,13,0.9947356581687927,4.3
segment,SPEAKER_00,210.88,212.06,I can't remember the other person,,,-0.5140294996292695,1.18
word,SPEAKER_00,210.88,211.08,I can't remember the other person,I,0,0.09924981743097305,1.18
word,SPEAKER_00,211.08,211.22,I can't remember the other person,can't,1,0.9733250439167023,1.18
word,SPEAKER_00,211.22,211.42,I can't remember the other person,remember,2,0.9896340370178223,1.18
word,SPEAKER_00,211.42,211.6,I can't remember the other person,the,3,0.8157861232757568,1.18
word,SPEAKER_00,211.6,211.78,I can't remember the other person,other,4,0.9969017505645752,1.18
word,SPEAKER_00,211.78,212.06,I can't remember the other person,person,5,0.9959249496459961,1.18
segment,SPEAKER_00,217.1,218.22,Andy Garcia,,,-0.5140294996292695,0.861
word,SPEAKER_00,217.1,217.66,Andy Garcia,Andy,0,0.7088484764099121,0.861
word,SPEAKER_00,217.66,218.22,Andy Garcia,Garcia,1,0.9635851383209229,0.861
segment,SPEAKER_00,219.62,221.62,"Yeah, that's the one George Cruenie",,,-0.5140294996292695,1.434
word,SPEAKER_00,219.62,220.18,"Yeah, that's the one George Cruenie","Yeah,",0,0.5623128414154053,1.434
word,SPEAKER_00,220.38,220.5,"Yeah, that's the one George Cruenie",that's,1,0.9833564162254333,1.434
word,SPEAKER_00,220.5,220.56,"Yeah, that's the one George Cruenie",the,2,0.9708293080329895,1.434
word,SPEAKER_00,220.56,220.68,"Yeah, that's the one George Cruenie",one,3,0.9754624962806702,1.434
word,SPEAKER_00,220.68,220.92,"Yeah, that's the one George Cruenie",George,4,0.9043294787406921,1.434
word,SPEAKER_00,220.92,221.62,"Yeah, that's the one George Cruenie",Cruenie,5,0.43782105296850204,1.434
segment,SPEAKER_01,223.86,225.28,"Yeah, that's good",,,-0.41972970217466354,0.489
word,SPEAKER_01,223.86,224.54,"Yeah, that's good","Yeah,",0,0.04661579057574272,0.489
word,SPEAKER_01,224.6,224.68,"Yeah, that's good",that's,1,0.8520641922950745,0.489
word,SPEAKER_01,224.68,225.28,"Yeah, that's good",good,2,0.9864185452461243,0.489
